mean_velocity,max_velocity,min_velocity,std_velocity,range_velocity,total_energy,rms_velocity,zero_crossing_rate,label
0.0,0.0,0.0,0.0,0.0,0.0,0.0,0,0
0.0,0.0,0.0,0.0,0.0,0.0,0.0,0,0
7.500383397147059e-13,1.509708303547442e-09,-1.3709965927069341e-09,7.662187768196985e-11,2.880704896254376e-09,1.174236230282287e-16,7.662363311284212e-11,12,0
0.0,0.0,0.0,0.0,0.0,0.0,0.0,0,0
0.0,0.0,0.0,0.0,0.0,0.0,0.0,0,0
0.0,0.0,0.0,0.0,0.0,0.0,0.0,0,0
0.0,0.0,0.0,0.0,0.0,0.0,0.0,0,0
5.610779976359885e-14,1.122155995271977e-09,0.0,7.934841138059958e-12,1.122155995271977e-09,1.2592340777248412e-18,7.934841138059543e-12,2,0
0.0,0.0,0.0,0.0,0.0,0.0,0.0,0,0
0.0,0.0,0.0,0.0,0.0,0.0,0.0,0,0
0.0,0.0,0.0,0.0,0.0,0.0,0.0,0,0
0.0,0.0,0.0,0.0,0.0,0.0,0.0,0,0
0.0,0.0,0.0,0.0,0.0,0.0,0.0,0,0
-1.0802850423290449e-13,0.0,-1.147129609296689e-09,1.0823242760507458e-11,1.147129609296689e-09,2.342967937625917e-18,1.0823511300927063e-11,2,0
-2.521142073752662e-12,1.879302788154128e-09,-1.685425752185683e-09,1.4611119027985736e-10,3.5647285403398112e-09,4.270753731671299e-16,1.461292874763868e-10,19,0
0.0,0.0,0.0,0.0,0.0,0.0,0.0,0,0
-5.0184524094226e-14,0.0,-1.00369048188452e-09,7.0971634595293484e-12,1.00369048188452e-09,1.0073945834255801e-18,7.0971634595293775e-12,2,0
-3.7998604341182335e-13,1.4671435821008402e-09,-1.39450491989741e-09,1.639109298372938e-10,2.8616485019982503e-09,5.3731187939777e-16,1.639072724740684e-10,62,0
0.0,0.0,0.0,0.0,0.0,0.0,0.0,0,0
0.0,0.0,0.0,0.0,0.0,0.0,0.0,0,0
5.226843962836975e-14,1.045368792567395e-09,0.0,7.39187362065239e-12,1.045368792567395e-09,1.0927959124738133e-18,7.391873620651983e-12,2,0
0.0,0.0,0.0,0.0,0.0,0.0,0.0,0,0
-2.89614023956279e-12,1.461740403434674e-09,-1.55614368792795e-09,1.0825840612392345e-10,3.0178840913626243e-09,2.3455368261295577e-16,1.082944325930368e-10,14,0
0.0,0.0,0.0,0.0,0.0,0.0,0.0,0,0
-9.313620026480291e-14,1.270161177631339e-09,-1.179104213064218e-09,4.386939999812197e-11,2.449265390695557e-09,1.3350484947879067e-17,4.38663372261376e-11,16,0
-5.404120778341709e-12,7.874025895059157e-09,-8.185282526529094e-09,1.5124735670796505e-09,1.6059308421588253e-08,4.57498223364375e-14,1.5124454095344647e-09,6207,1
-1.0639940400957169e-11,2.463982914273043e-09,-2.500374889535324e-09,2.635513267410923e-10,4.9643578038083666e-09,1.3913807438716759e-15,2.637594305301401e-10,317,0
0.0,0.0,0.0,0.0,0.0,0.0,0.0,0,0
1.2018956755289366e-12,1.182548829208685e-09,0.0,3.6249622970929545e-11,1.182548829208685e-09,2.630828033982111e-17,3.6268636822895005e-11,6,0
0.0,0.0,0.0,0.0,0.0,0.0,0.0,0,0
0.0,0.0,0.0,0.0,0.0,0.0,0.0,0,0
-5.09887476867477e-14,0.0,-1.019774953734954e-09,7.21089785070126e-12,1.019774953734954e-09,1.0399409562651275e-18,7.210897850701837e-12,2,0
0.0,0.0,0.0,0.0,0.0,0.0,0.0,0,0
0.0,0.0,0.0,0.0,0.0,0.0,0.0,0,0
0.0,0.0,0.0,0.0,0.0,0.0,0.0,0,0
-2.236340861284443e-12,4.707866424617511e-09,-4.603228485796866e-09,7.674878881769971e-10,9.311094910414378e-09,1.178026415671923e-14,7.674719589900086e-10,3461,1
-8.449076732053568e-13,2.606678939441181e-09,-2.732227161898778e-09,2.969801793086881e-10,5.338906101339959e-09,1.7638706181967895e-15,2.9697395661882456e-10,56,0
5.280302209218852e-13,1.155673180385183e-09,-1.153796336541937e-09,4.347688644111965e-11,2.3094695169271198e-09,3.780847917089361e-17,4.3479005951662237e-11,46,0
-2.866737784065105e-13,1.169939916224505e-09,-1.3377486809208321e-09,6.029579392216316e-11,2.507688597145337e-09,7.27096633484559e-17,6.029496801079502e-11,78,0
1.0527329869231797e-12,1.139624615544966e-09,-1.142417933083303e-09,5.719412915162616e-11,2.282042548628269e-09,6.544226195469233e-17,5.720238716814724e-11,90,0
4.08595099611296e-12,1.328930557037867e-09,-1.369757913522414e-09,1.124923755865914e-10,2.698688470560281e-09,2.534119366785565e-16,1.1256374564631289e-10,154,0
1.6336300557044724e-12,1.785218990698332e-09,-1.649947521981402e-09,1.297299512654896e-10,3.435166512679734e-09,3.36633750189854e-16,1.2973699360434056e-10,140,0
1.3170849951001485e-12,1.780125874517665e-09,-1.735943722028794e-09,1.1093762647719123e-10,3.516069596546459e-09,2.461655264686823e-16,1.1094267133720061e-10,94,0
-4.50000887025346e-13,1.477844177044999e-09,-1.616180582198668e-09,1.0189214381485076e-10,3.094024759243667e-09,2.0763384743078027e-16,1.0189059020115162e-10,80,0
-3.0198471309643744e-12,1.7058805006131061e-09,-1.810733521183056e-09,1.1699800553553946e-10,3.5166140217961624e-09,2.739393669863891e-16,1.1703404782079211e-10,24,0
-6.12787397002949e-12,4.1762275897689e-09,-4.2414727815412015e-09,3.648373222544778e-10,8.417700371310101e-09,2.6627433447127167e-15,3.64879661307171e-10,140,0
-1.9588876209447292e-11,2.821278937481497e-09,-2.898881471873744e-09,3.9305401030495676e-10,5.7201604093552414e-09,3.0973490903050942e-15,3.9353202476450975e-10,164,0
-1.6344725440679056e-12,1.671826622533805e-09,-1.667185809034104e-09,1.3779392003847572e-10,3.3390124315679088e-09,3.7977773083724396e-16,1.3780016887457793e-10,54,0
-2.874465639409125e-12,1.00082658919559e-09,-1.202540483017388e-09,5.621163065836701e-11,2.2033670722129778e-09,6.335703973225902e-17,5.628367424584993e-11,82,0
-2.2561529109334874e-12,1.202635867692738e-09,-1.290418531381549e-09,6.953632109741396e-11,2.493054399074287e-09,9.680296825447623e-17,6.957117515698445e-11,110,0
-2.6187663188918185e-12,1.19118891305879e-09,-1.235430802078739e-09,7.597651464447457e-11,2.426619715137529e-09,1.1558000186027248e-16,7.6019734891761e-11,114,0
-2.549022355400131e-12,1.195554691855792e-09,-1.249280943090929e-09,6.074264163667042e-11,2.444835634946721e-09,7.391963089086696e-17,6.079458482910585e-11,80,0
-2.828399143876493e-12,1.248808327397665e-09,-1.275171074770297e-09,7.962994636689938e-11,2.523979402167962e-09,1.2697222307386341e-16,7.967817237922298e-11,112,0
-5.332880764915484e-12,1.151260290829841e-09,-1.420091094858617e-09,8.153666134548214e-11,2.5713513856884584e-09,1.3352668698532417e-16,8.170883886866958e-11,136,0
-5.458448198298638e-12,1.181983802667478e-09,-1.316664442804694e-09,8.606807835864342e-11,2.4986482454721723e-09,1.4874276766754355e-16,8.623884497937794e-11,158,0
-5.4315177120559455e-12,1.106749871637098e-09,-1.350177715150028e-09,8.899667723550784e-11,2.4569275867871258e-09,1.5899027846377143e-16,8.916004667556299e-11,164,0
-3.0158118117272615e-12,3.339954407112025e-09,-3.131929985995601e-09,3.2609341490188673e-10,6.471884393107626e-09,2.1268138703492355e-15,3.2609920809082283e-10,158,0
-7.187359263963293e-12,1.710206389632925e-09,-1.776055749785063e-09,1.8551336760663074e-10,3.4862621394179882e-09,6.893029386693812e-16,1.8564791120147045e-10,126,0
-8.591177692238539e-13,1.540721921483041e-09,-1.545788055547052e-09,1.4039587714672193e-10,3.086509977030093e-09,3.9421509706045994e-16,1.4039499582614401e-10,38,0
0.0,0.0,0.0,0.0,0.0,0.0,0.0,0,0
3.368311460119064e-13,1.096687381307119e-09,-1.206645629964705e-09,4.8587088230351845e-11,2.3033330112718242e-09,4.721401125336131e-17,4.858704109809596e-11,18,0
-3.58656775215213e-12,1.921241262692114e-09,-1.919821970974602e-09,1.7566203271368125e-10,3.8410632336667156e-09,6.173694069569455e-16,1.7569425246105027e-10,24,0
0.0,0.0,0.0,0.0,0.0,0.0,0.0,0,0
-2.394888944070747e-12,1.599276221360844e-09,-1.903120590223387e-09,1.6975436759746067e-10,3.502396811584231e-09,5.764167996835775e-16,1.6976701677351487e-10,36,0
0.0,0.0,0.0,0.0,0.0,0.0,0.0,0,0
0.0,0.0,0.0,0.0,0.0,0.0,0.0,0,0
2.199248608624351e-12,1.616125754643293e-09,-1.4753851556862702e-09,1.4792984439251252e-10,3.091510910329563e-09,4.377396278897095e-16,1.4794249353882568e-10,34,0
0.0,0.0,0.0,0.0,0.0,0.0,0.0,0,0
-5.316102222286791e-13,0.0,-1.123480123323668e-09,2.3784466531062274e-11,1.123480123323668e-09,1.1319103451060676e-17,2.378981236901699e-11,4,0
0.0,0.0,0.0,0.0,0.0,0.0,0.0,0,0
-1.8028831532593752e-12,1.365904270966753e-09,-1.495226298122528e-09,8.423192016003172e-11,2.861130569089281e-09,1.4195824021382653e-16,8.424910688364195e-11,12,0
-3.1236470203270703e-12,1.540079435759019e-09,-1.6290039825540471e-09,1.0608942066928134e-10,3.169083418313066e-09,2.2528319200781415e-16,1.0613274518446561e-10,12,0
0.0,0.0,0.0,0.0,0.0,0.0,0.0,0,0
7.197212572072179e-13,1.7803056068212211e-09,-1.89808413608831e-09,2.2008972174872134e-10,3.678389742909531e-09,9.687516328766183e-16,2.200853962529793e-10,34,0
1.3388989745795393e-12,2.1099145726760204e-09,-2.315895976826867e-09,1.720050608184387e-10,4.425810549502887e-09,5.917210862115407e-16,1.7200597172940548e-10,26,0
2.2275317254497484e-12,1.6811160895843521e-09,-1.802761176848826e-09,1.2550258056596157e-10,3.4838772664331784e-09,3.1510144162853734e-16,1.255192100095713e-10,20,0
1.066715297446494e-13,1.067515288301071e-09,0.0,1.0666889278988481e-11,1.067515288301071e-09,2.2757643315834594e-18,1.0667155974259164e-11,4,0
4.0479965539557337e-13,1.023083817174555e-09,-1.010456906351331e-09,2.2619562068826553e-11,2.033540723525886e-09,1.0235657374352642e-17,2.262261852035772e-11,4,0
0.0,0.0,0.0,0.0,0.0,0.0,0.0,0,0
0.0,0.0,0.0,0.0,0.0,0.0,0.0,0,0
0.0,0.0,0.0,0.0,0.0,0.0,0.0,0,0
0.0,0.0,0.0,0.0,0.0,0.0,0.0,0,0
0.0,0.0,0.0,0.0,0.0,0.0,0.0,0,0
0.0,0.0,0.0,0.0,0.0,0.0,0.0,0,0
0.0,0.0,0.0,0.0,0.0,0.0,0.0,0,0
-1.3866958093676554e-12,5.9690045919778264e-09,-6.144451956340579e-09,1.0273251815223894e-09,1.2113456548318404e-08,2.1106923633287244e-14,1.027300433984315e-09,4835,1
-3.4590266778849004e-12,2.920251284437949e-09,-2.9840811291987504e-09,3.505568738246698e-10,5.904332413636699e-09,2.457918842903901e-15,3.5056517531722265e-10,76,0
0.0,0.0,0.0,0.0,0.0,0.0,0.0,0,0
4.497655936747935e-15,1.082268333848495e-09,-1.058798841800152e-09,2.922873069353641e-11,2.141067175648647e-09,1.7085520044974387e-17,2.922800031217872e-11,12,0
0.0,0.0,0.0,0.0,0.0,0.0,0.0,0,0
0.0,0.0,0.0,0.0,0.0,0.0,0.0,0,0
0.0,0.0,0.0,0.0,0.0,0.0,0.0,0,0
5.801576709970944e-12,6.853803451992513e-09,-6.155704795405272e-09,1.2965810775584872e-09,1.3009508247397786e-08,3.362144185701763e-14,1.2965616425187356e-09,6006,1
1.2870635431970018e-13,1.825430638411378e-09,-1.920726717513128e-09,1.371323962768598e-10,3.746157355924506e-09,3.760874081848359e-16,1.3712902832457391e-10,328,0
0.0,0.0,0.0,0.0,0.0,0.0,0.0,0,0
3.5432051210758295e-12,1.6517713198451171e-09,-1.557292870988247e-09,1.1494449667169723e-10,3.209064190833364e-09,2.6448262011561115e-16,1.1499622170219575e-10,22,0
0.0,0.0,0.0,0.0,0.0,0.0,0.0,0,0
0.0,0.0,0.0,0.0,0.0,0.0,0.0,0,0
-3.297782989262169e-12,1.6318297572495501e-09,-1.544308373055073e-09,1.070825686798335e-10,3.1761381303046232e-09,2.2953957107737653e-16,1.0713066112868354e-10,24,0
0.0,0.0,0.0,0.0,0.0,0.0,0.0,0,0
0.0,0.0,0.0,0.0,0.0,0.0,0.0,0,0
-2.0863064296644377e-12,1.362038786493307e-09,-1.288687130950314e-09,7.529394763632751e-11,2.6507259174436207e-09,1.1346495532505738e-16,7.532096498487569e-11,12,0
0.0,0.0,0.0,0.0,0.0,0.0,0.0,0,0
0.0,0.0,0.0,0.0,0.0,0.0,0.0,0,0
0.0,0.0,0.0,0.0,0.0,0.0,0.0,0,0
0.0,0.0,0.0,0.0,0.0,0.0,0.0,0,0
0.0,0.0,0.0,0.0,0.0,0.0,0.0,0,0
1.020925691840433e-12,1.288274482386346e-09,-1.229925916768315e-09,4.841415343006703e-11,2.518200399154661e-09,4.6897106902106517e-17,4.84237064370885e-11,18,0
3.7526201233040224e-13,1.179938475483681e-09,-1.0405421595164361e-09,5.353660279660743e-11,2.2204806350001173e-09,5.732330704368132e-17,5.353657957120595e-11,12,0
0.0,0.0,0.0,0.0,0.0,0.0,0.0,0,0
-4.222645962226685e-12,1.884532577050801e-09,-1.782873135157087e-09,1.5804321657072415e-10,3.667405712207888e-09,4.99884803200789e-16,1.5809566774595516e-10,24,0
0.0,0.0,0.0,0.0,0.0,0.0,0.0,0,0
0.0,0.0,0.0,0.0,0.0,0.0,0.0,0,0
0.0,0.0,0.0,0.0,0.0,0.0,0.0,0,0
0.0,0.0,0.0,0.0,0.0,0.0,0.0,0,0
-1.0374586945757708e-12,1.4066593527504421e-09,-1.353575121924282e-09,7.394952085655039e-11,2.760234474674724e-09,1.0938669057751153e-16,7.395494931967418e-11,18,0
0.0,0.0,0.0,0.0,0.0,0.0,0.0,0,0
1.2043851887221805e-12,1.284811831038985e-09,-1.224482869942249e-09,5.820398181432824e-11,2.509294700981234e-09,6.777969315102104e-17,5.821498653741192e-11,20,0
0.0,0.0,0.0,0.0,0.0,0.0,0.0,0,0
0.0,0.0,0.0,0.0,0.0,0.0,0.0,0,0
0.0,0.0,0.0,0.0,0.0,0.0,0.0,0,0
0.0,0.0,0.0,0.0,0.0,0.0,0.0,0,0
0.0,0.0,0.0,0.0,0.0,0.0,0.0,0,0
-3.236871060443781e-13,1.025027498029293e-09,-1.14789524374414e-09,2.366133349600177e-11,2.1729227417734332e-09,1.1198709664331636e-17,2.366295592728393e-11,14,0
0.0,0.0,0.0,0.0,0.0,0.0,0.0,0,0
-1.4404549755205386e-12,1.384159434624248e-09,-1.358212364609054e-09,7.457403981223362e-11,2.742371799233302e-09,1.1126168520163928e-16,7.458608623652245e-11,14,0
0.0,0.0,0.0,0.0,0.0,0.0,0.0,0,0
-2.040613559530525e-12,1.416454245783467e-09,-1.526079849307961e-09,9.356349983201342e-11,2.942534095091428e-09,1.751570979617371e-16,9.358341144715154e-11,22,0
0.0,0.0,0.0,0.0,0.0,0.0,0.0,0,0
1.2938090476231738e-13,1.3188842755408841e-09,-1.0941289536520211e-09,3.0589563516239e-11,2.4130132291929052e-09,1.8713826989251148e-17,3.058907238643495e-11,26,0
5.0932245310967445e-14,1.018644906219349e-09,0.0,7.202907208087597e-12,1.018644906219349e-09,1.0376374449666261e-18,7.202907208088364e-12,2,0
0.0,0.0,0.0,0.0,0.0,0.0,0.0,0,0
0.0,0.0,0.0,0.0,0.0,0.0,0.0,0,0
0.0,0.0,0.0,0.0,0.0,0.0,0.0,0,0
0.0,0.0,0.0,0.0,0.0,0.0,0.0,0,0
-3.908866276176795e-12,1.873494284696661e-09,-1.746465041428083e-09,1.4977475616897627e-10,3.619959326124744e-09,4.489327039433601e-16,1.498220117244726e-10,26,0
-3.93784144574935e-12,1.7615636029232341e-09,-1.884977958471491e-09,1.625631648936653e-10,3.646541561394725e-09,5.288193567275973e-16,1.6260678902302901e-10,22,0
3.752267995814393e-13,1.130921117822807e-09,-1.126701791420359e-09,5.4126290862157313e-11,2.257622909243166e-09,1.590000388833801e-17,5.4122605512629224e-11,6,0
-1.807466339460314e-12,5.4910119536512545e-09,-4.475550594895776e-09,7.895478953324913e-10,9.96656254854703e-09,1.2467159533287076e-14,7.895302253013204e-10,3393,1
1.05584980071099e-12,2.421632953771581e-09,-2.841079148726435e-09,2.9730794952229864e-10,5.262712102498016e-09,1.7677742413418662e-15,2.9730239162693144e-10,870,0
6.475870046701862e-13,1.645010388273075e-09,-1.505917596773973e-09,1.0899175558039169e-10,3.150927985047048e-09,2.375805638656972e-16,1.0899095463975375e-10,30,0
0.0,0.0,0.0,0.0,0.0,0.0,0.0,0,0
0.0,0.0,0.0,0.0,0.0,0.0,0.0,0,0
6.916220716989302e-13,1.191219068351175e-09,-1.281740643138714e-09,7.023794705732685e-11,2.472959711489889e-09,9.867201758910378e-17,7.023959623641916e-11,22,0
0.0,0.0,0.0,0.0,0.0,0.0,0.0,0,0
-5.08638315505373e-14,0.0,-1.017276631010746e-09,7.193232041305024e-12,1.017276631010746e-09,1.0348517440005734e-18,7.193232041303038e-12,2,0
0.0,0.0,0.0,0.0,0.0,0.0,0.0,0,0
0.0,0.0,0.0,0.0,0.0,0.0,0.0,0,0
1.0540754754643344e-13,1.063188501906117e-09,0.0,1.0540885175571127e-11,1.063188501906117e-09,2.2223163104525827e-18,1.0541148681364339e-11,4,0
0.0,0.0,0.0,0.0,0.0,0.0,0.0,0,0
-3.6112610662612466e-13,1.268219752580131e-09,-1.178597864702454e-09,3.184820781479259e-11,2.446817617282585e-09,2.028776075323938e-17,3.184945898538889e-11,22,0
0.0,0.0,0.0,0.0,0.0,0.0,0.0,0,0
0.0,0.0,0.0,0.0,0.0,0.0,0.0,0,0
0.0,0.0,0.0,0.0,0.0,0.0,0.0,0,0
5.838042490423658e-13,2.070746914011828e-09,-2.271984579603266e-09,1.575793690311308e-10,4.342731493615094e-09,4.966071361760744e-16,1.5757651096785878e-10,18,0
-2.956628760750696e-14,1.415691326852504e-09,-1.480939003110936e-09,7.016543347554216e-11,2.89663032996344e-09,9.845885539142826e-17,7.0163685547236e-11,12,0
0.0,0.0,0.0,0.0,0.0,0.0,0.0,0,0
0.0,0.0,0.0,0.0,0.0,0.0,0.0,0,0
0.0,0.0,0.0,0.0,0.0,0.0,0.0,0,0
0.0,0.0,0.0,0.0,0.0,0.0,0.0,0,0
0.0,0.0,0.0,0.0,0.0,0.0,0.0,0,0
0.0,0.0,0.0,0.0,0.0,0.0,0.0,0,0
0.0,0.0,0.0,0.0,0.0,0.0,0.0,0,0
0.0,0.0,0.0,0.0,0.0,0.0,0.0,0,0
0.0,0.0,0.0,0.0,0.0,0.0,0.0,0,0
0.0,0.0,0.0,0.0,0.0,0.0,0.0,0,0
4.661553294055571e-12,1.835029582172148e-09,-1.8170263294817702e-09,1.4342350233326965e-10,3.6520559116539184e-09,4.118200517120902e-16,1.4349565354255336e-10,26,0
-1.2483761450123293e-12,1.3979628551073401e-09,-1.580505626507389e-09,9.497466739598116e-11,2.978468481614729e-09,1.8042589761187858e-16,9.498049736969126e-11,40,0
0.0,0.0,0.0,0.0,0.0,0.0,0.0,0,0
3.813257350673263e-12,1.474830352008347e-09,-1.596500761569489e-09,1.3035486458405578e-10,3.071331113577836e-09,3.40121640656423e-16,1.3040736954950494e-10,12,0
8.171799323043609e-13,1.320978650432836e-09,-1.138898140386671e-09,5.0919582357338084e-11,2.459876790819507e-09,5.1866840205895785e-17,5.092486632574296e-11,14,0
0.0,0.0,0.0,0.0,0.0,0.0,0.0,0,0
0.0,0.0,0.0,0.0,0.0,0.0,0.0,0,0
-2.661779688290925e-11,1.926139285631996e-08,-1.9094939346050123e-08,2.760694808555787e-09,3.8356332202370084e-08,1.5243526522616806e-13,2.760754110982795e-09,6971,1
-1.3465293789680968e-12,1.921394380294782e-09,-1.679048647982692e-09,1.2752395207443692e-10,3.6004430282774742e-09,3.2526716752258916e-16,1.2752787293815207e-10,284,0
0.0,0.0,0.0,0.0,0.0,0.0,0.0,0,0
-6.292992926922761e-13,1.427909406938345e-09,-1.216581476717987e-09,6.782568876693195e-11,2.644490883656332e-09,9.200980116209785e-17,6.782691249131787e-11,16,0
0.0,0.0,0.0,0.0,0.0,0.0,0.0,0,0
0.0,0.0,0.0,0.0,0.0,0.0,0.0,0,0
0.0,0.0,0.0,0.0,0.0,0.0,0.0,0,0
0.0,0.0,0.0,0.0,0.0,0.0,0.0,0,0
0.0,0.0,0.0,0.0,0.0,0.0,0.0,0,0
-1.0435019767283531e-13,0.0,-1.0642493836962961e-09,1.0436821375851353e-11,1.0642493836962961e-09,2.1786536606637478e-18,1.0437082112984807e-11,4,0
-4.922029457447573e-14,1.081800124043835e-09,-1.031764391335253e-09,1.6340451820666617e-11,2.113564515379088e-09,5.339988756454836e-18,1.63401174360144e-11,8,0
3.8357105048578544e-15,1.122600768180719e-09,-1.065360761423395e-09,1.5084223921969875e-11,2.1879615296041138e-09,4.5504489870050366e-18,1.5083847299354756e-11,6,0
-2.536185428584426e-13,1.116466916597296e-09,-1.143944456476168e-09,4.0479778040444485e-11,2.260411373073464e-09,3.2771896438956066e-17,4.0479560545388874e-11,28,0
-6.780986158621727e-13,0.0,-1.086381797835099e-09,2.6595530216524172e-11,1.086381797835099e-09,1.4154933582390217e-17,2.660350877458669e-11,20,0
-7.437948065583254e-13,1.257555428864039e-09,-1.269708628101101e-09,4.722599571602655e-11,2.52726405696514e-09,4.4614727747001605e-17,4.7230672103518495e-11,48,0
9.546269722422009e-13,1.755938905522651e-09,-1.7495313841512431e-09,1.5041376196565615e-10,3.505470289673894e-09,4.524815977266838e-16,1.504130309724998e-10,70,0
-1.2479713182395215e-12,1.349273524866871e-09,-1.269893695116915e-09,5.758914263153811e-11,2.619167219983786e-09,6.635801911957455e-17,5.7601223563208514e-11,58,0
-2.2969128283518855e-12,1.235150259787903e-09,-1.404589073246761e-09,6.95367690772296e-11,2.6397393330346642e-09,9.680792588255016e-17,6.957295662919255e-11,100,0
-1.812976470794654e-12,1.146437620842087e-09,-1.248141247300494e-09,6.007284146003394e-11,2.394578868142581e-09,7.223705454900453e-17,6.009869156188199e-11,78,0
-1.9427735391915995e-12,1.196547207070536e-09,-1.337106815250232e-09,5.729907889140893e-11,2.533654022320768e-09,6.573589303215151e-17,5.733057344565442e-11,82,0
-1.3231090821701218e-12,1.178784388640863e-09,-1.212920686977969e-09,4.447326943250261e-11,2.391705075618832e-09,3.959046836148144e-17,4.4491835409140765e-11,52,0
-5.1487745213425255e-12,2.3875809853166082e-09,-2.322907664980144e-09,2.1447861233525345e-10,4.710488650296753e-09,9.20505699491729e-16,2.1453504369819504e-10,118,0
-3.301475260269666e-12,1.914405091851943e-09,-1.855967758566796e-09,1.2614996065280892e-10,3.770372850418739e-09,3.1847833241926754e-16,1.261900020642023e-10,88,0
-1.0164253432800026e-12,2.504723555218622e-09,-2.3357764099059722e-09,2.437147122897454e-10,4.840499965124594e-09,1.1878984852784512e-15,2.437107389179282e-10,163,0
-2.828752600133124e-12,1.579511717332348e-09,-1.552910111943615e-09,9.800723177713963e-11,3.132421829275963e-09,1.9225878102021016e-16,9.804559679562621e-11,136,0
-2.1953205949677873e-12,1.5207774255220802e-09,-1.556639036354921e-09,8.891267260444532e-11,3.0774164618770013e-09,1.581977501801814e-16,8.893754836405751e-11,133,0
-1.0681403305205201e-12,1.255014738464773e-09,-1.165872765739964e-09,5.100152636601512e-11,2.4208875042047372e-09,5.204333115289993e-17,5.101143555757862e-11,62,0
-1.1194465790163966e-12,1.114611001021466e-09,-1.209030746437307e-09,4.1535302280505846e-11,2.3236417474587727e-09,3.452696474219294e-17,4.154934701183217e-11,48,0
-5.984017295180041e-13,1.121937973831894e-09,-1.208124511836714e-09,2.965442825661582e-11,2.330062485668608e-09,1.7593984612020285e-17,2.9659724047957935e-11,22,0
1.4235963829665377e-13,1.458317764258669e-09,-1.421354451387949e-09,6.819038659604411e-11,2.879672215646618e-09,8.089516434566506e-17,6.818857545347407e-11,60,0
9.020455575005485e-12,4.8126910381276194e-08,-5.2816395962234416e-08,8.24937653520358e-09,1.0094330634351062e-07,1.3609778395504593e-12,8.249175230138039e-09,6643,1
-3.5713398375907628e-12,1.0157433633593182e-08,-8.506064506260378e-09,1.4532088921467012e-09,1.866349813985356e-08,4.223446495757722e-14,1.4531769499544304e-09,5069,0
-4.541132627190392e-13,1.535904905159236e-09,-1.502674561756683e-09,1.1792464275755007e-10,3.038579466915919e-09,2.7811464554576572e-16,1.179225689903688e-10,218,0
-1.1282238954397198e-12,1.209895008652518e-09,-1.2996810985023502e-09,4.721494383701236e-11,2.5095761071548682e-09,4.4608246962897896e-17,4.7227241589414207e-11,34,0
0.0,0.0,0.0,0.0,0.0,0.0,0.0,0,0
0.0,0.0,0.0,0.0,0.0,0.0,0.0,0,0
0.0,0.0,0.0,0.0,0.0,0.0,0.0,0,0
0.0,0.0,0.0,0.0,0.0,0.0,0.0,0,0
0.0,0.0,0.0,0.0,0.0,0.0,0.0,0,0
-2.497695971564804e-12,1.956110515446874e-09,-2.019896736207641e-09,1.8506102675273075e-10,3.976007251654515e-09,6.850421945747097e-16,1.8507325503360955e-10,20,0
-2.0132665509865886e-12,1.609463110194506e-09,-1.574234877572998e-09,1.1592303109701321e-10,3.183697987767504e-09,2.6883060946923487e-16,1.1593761457551963e-10,14,0
0.0,0.0,0.0,0.0,0.0,0.0,0.0,0,0
-4.435092745303966e-12,1.96450613803891e-08,-2.022016366031452e-08,3.5056622168222637e-09,3.986522504070362e-08,2.45781455302522e-13,3.505577379708812e-09,7251,1
5.255330539402004e-13,4.353474872150482e-09,-4.296862234854955e-09,6.350982333429397e-10,8.650337107005437e-09,8.06659749384118e-15,6.35082573128927e-10,2698,0
-6.829508342184001e-13,1.895628230991467e-09,-1.4294576885767741e-09,9.432146468706213e-11,3.3250859195682413e-09,1.77931205912257e-16,9.432157916199692e-11,154,0
0.0,0.0,0.0,0.0,0.0,0.0,0.0,0,0
0.0,0.0,0.0,0.0,0.0,0.0,0.0,0,0
0.0,0.0,0.0,0.0,0.0,0.0,0.0,0,0
0.0,0.0,0.0,0.0,0.0,0.0,0.0,0,0
-2.0779797809620427e-12,5.984524200200718e-09,-6.075401878887027e-09,5.488424790282503e-10,1.2059926079087744e-08,6.024346467650169e-15,5.48832691612397e-10,882,0
1.5860993324301744e-12,5.900402004881408e-09,-5.302796542462254e-09,8.685168684986407e-10,1.1203198547343662e-08,1.508572700999723e-14,8.684966036202222e-10,2948,0
-1.5280522531020243e-13,1.079171678741262e-09,-1.079447584359763e-09,2.2182199887731562e-11,2.158619263101025e-09,9.840974775930466e-18,2.2182171642932604e-11,8,0
0.0,0.0,0.0,0.0,0.0,0.0,0.0,0,0
0.0,0.0,0.0,0.0,0.0,0.0,0.0,0,0
0.0,0.0,0.0,0.0,0.0,0.0,0.0,0,0
0.0,0.0,0.0,0.0,0.0,0.0,0.0,0,0
0.0,0.0,0.0,0.0,0.0,0.0,0.0,0,0
0.0,0.0,0.0,0.0,0.0,0.0,0.0,0,0
0.0,0.0,0.0,0.0,0.0,0.0,0.0,0,0
0.0,0.0,0.0,0.0,0.0,0.0,0.0,0,0
0.0,0.0,0.0,0.0,0.0,0.0,0.0,0,0
2.777187993263303e-12,1.4936795563232331e-09,-1.743046256396829e-09,1.2570756293355022e-10,3.2367258127200623e-09,3.1618628064552956e-16,1.2573509467239637e-10,16,0
0.0,0.0,0.0,0.0,0.0,0.0,0.0,0,0
0.0,0.0,0.0,0.0,0.0,0.0,0.0,0,0
0.0,0.0,0.0,0.0,0.0,0.0,0.0,0,0
0.0,0.0,0.0,0.0,0.0,0.0,0.0,0,0
0.0,0.0,0.0,0.0,0.0,0.0,0.0,0,0
0.0,0.0,0.0,0.0,0.0,0.0,0.0,0,0
0.0,0.0,0.0,0.0,0.0,0.0,0.0,0,0
-2.497695971564804e-12,1.956110515446874e-09,-2.019896736207641e-09,1.8506102675273075e-10,3.976007251654515e-09,6.850421945747097e-16,1.8507325503360955e-10,20,0
-2.0132665509865886e-12,1.609463110194506e-09,-1.574234877572998e-09,1.1592303109701321e-10,3.183697987767504e-09,2.6883060946923487e-16,1.1593761457551963e-10,14,0
-4.114819590147578e-12,1.96450613803891e-08,-2.022016366031452e-08,3.4824759959734884e-09,3.986522504070362e-08,2.425409922463647e-13,3.4823913640368216e-09,6707,0
-9.126255060478718e-13,4.353474872150482e-09,-4.952667371547876e-09,7.421364699331254e-10,9.306142243698357e-09,1.1014796691257171e-14,7.421184774433652e-10,3056,0
4.349345706132872e-13,1.960642184865362e-09,-2.012888173945092e-09,1.5333212188434084e-10,3.973530358810454e-09,4.701950646535549e-16,1.533289054049423e-10,340,0
0.0,0.0,0.0,0.0,0.0,0.0,0.0,0,0
0.0,0.0,0.0,0.0,0.0,0.0,0.0,0,0
0.0,0.0,0.0,0.0,0.0,0.0,0.0,0,0
0.0,0.0,0.0,0.0,0.0,0.0,0.0,0,0
-3.3311322266274436e-13,1.731013434146583e-09,-1.960835806384278e-09,1.295651500921389e-10,3.6918492405308607e-09,3.330420362748969e-16,1.2956231302892087e-10,284,0
-1.6143213165042602e-13,5.984524200200718e-09,-6.075401878887027e-09,1.0192661532608528e-09,1.2059926079087744e-08,2.07770314413725e-14,1.0192406840725233e-09,3546,1
-1.5280522531020243e-13,1.079171678741262e-09,-1.079447584359763e-09,2.2182199887731475e-11,2.158619263101025e-09,9.840974775930466e-18,2.2182171642932604e-11,8,0
0.0,0.0,0.0,0.0,0.0,0.0,0.0,0,0
0.0,0.0,0.0,0.0,0.0,0.0,0.0,0,0
0.0,0.0,0.0,0.0,0.0,0.0,0.0,0,0
0.0,0.0,0.0,0.0,0.0,0.0,0.0,0,0
0.0,0.0,0.0,0.0,0.0,0.0,0.0,0,0
0.0,0.0,0.0,0.0,0.0,0.0,0.0,0,0
0.0,0.0,0.0,0.0,0.0,0.0,0.0,0,0
0.0,0.0,0.0,0.0,0.0,0.0,0.0,0,0
0.0,0.0,0.0,0.0,0.0,0.0,0.0,0,0
2.7771879932633032e-12,1.4936795563232331e-09,-1.743046256396829e-09,1.257075629335539e-10,3.2367258127200623e-09,3.161862806455296e-16,1.2573509467239637e-10,16,0
0.0,0.0,0.0,0.0,0.0,0.0,0.0,0,0
0.0,0.0,0.0,0.0,0.0,0.0,0.0,0,0
0.0,0.0,0.0,0.0,0.0,0.0,0.0,0,0
0.0,0.0,0.0,0.0,0.0,0.0,0.0,0,0
-5.0295552794167254e-14,0.0,-1.005911055883345e-09,7.112865288853233e-12,1.005911055883345e-09,1.0118570523483463e-18,7.112865288856335e-12,2,0
-1.5865173360786854e-13,0.0,-1.060728576288434e-09,1.2953241865080635e-11,1.060728576288434e-09,3.3560651172837463e-18,1.2953889603674539e-11,4,0
0.0,0.0,0.0,0.0,0.0,0.0,0.0,0,0
-1.0034008325672016e-13,1.180436225825718e-09,-1.127042612416569e-09,2.6424890387450504e-11,2.307478838242287e-09,1.3964999727578016e-17,2.6424420265710672e-11,12,0
0.0,0.0,0.0,0.0,0.0,0.0,0.0,0,0
0.0,0.0,0.0,0.0,0.0,0.0,0.0,0,0
0.0,0.0,0.0,0.0,0.0,0.0,0.0,0,0
5.3468694818710165e-12,4.496015113669668e-09,-3.4371836854819805e-09,2.642961313714534e-10,7.93319879915165e-09,1.3975508289791511e-15,2.6434360489513937e-10,83,0
0.0,0.0,0.0,0.0,0.0,0.0,0.0,0,0
0.0,0.0,0.0,0.0,0.0,0.0,0.0,0,0
0.0,0.0,0.0,0.0,0.0,0.0,0.0,0,0
5.977000288838769e-13,1.2904378642551802e-09,-1.31865375655412e-09,4.7641998674159165e-11,2.6090916208093e-09,4.5400075899825495e-17,4.764455682437685e-11,16,0
0.0,0.0,0.0,0.0,0.0,0.0,0.0,0,0
0.0,0.0,0.0,0.0,0.0,0.0,0.0,0,0
0.0,0.0,0.0,0.0,0.0,0.0,0.0,0,0
-1.0254714733569038e-12,1.051783244803703e-09,-1.306286192131383e-09,3.870452065389101e-11,2.358069436935086e-09,2.998033217585757e-17,3.871713585472043e-11,32,0
-7.346714075404592e-14,1.025645329628746e-09,-1.104062716542498e-09,2.4787818962487896e-11,2.1297080461712443e-09,1.2288212890797888e-17,2.478730813420236e-11,8,0
0.0,0.0,0.0,0.0,0.0,0.0,0.0,0,0
-2.481340967133767e-12,1.450032690331688e-09,-1.4430938543285251e-09,9.000399743020406e-11,2.893126544660213e-09,1.6212943140864997e-16,9.003594599065697e-11,28,0
1.5868461745062934e-13,1.102019593277546e-09,0.0,1.2961871874195158e-11,1.102019593277546e-09,3.3605380556946837e-18,1.296251915272391e-11,4,0
-2.20892627191404e-13,1.6167655776021061e-09,-1.851650220282762e-09,8.910551654323868e-11,3.468415797884868e-09,1.5878889764661918e-16,8.910356268034943e-11,16,0
0.0,0.0,0.0,0.0,0.0,0.0,0.0,0,0
0.0,0.0,0.0,0.0,0.0,0.0,0.0,0,0
-2.1770315225531147e-12,4.36930083796274e-09,-4.71133326442298e-09,8.220320376161866e-10,9.08063410238572e-09,1.351415246999615e-14,8.220143693998344e-10,4239,1
-2.5818185053939025e-12,1.4887479586254602e-09,-1.441447371386925e-09,1.1201186530622399e-10,2.930195330012385e-09,2.5105392846553724e-16,1.1203881659173691e-10,50,0
0.0,0.0,0.0,0.0,0.0,0.0,0.0,0,0
0.0,0.0,0.0,0.0,0.0,0.0,0.0,0,0
0.0,0.0,0.0,0.0,0.0,0.0,0.0,0,0
0.0,0.0,0.0,0.0,0.0,0.0,0.0,0,0
1.3876768512662514e-12,1.250858920061845e-09,0.0,3.9304898967042824e-11,1.250858920061845e-09,3.093446972195225e-17,3.9328405588043006e-11,12,0
-1.8283690320024732e-13,1.298168091211453e-09,-1.332410127889193e-09,5.1286003294201956e-11,2.630578219100646e-09,5.2603121010429635e-17,5.1285047046107715e-11,12,0
-1.4610689675333829e-12,1.301976168811768e-09,-1.32599375231615e-09,5.934423110910782e-11,2.6279699211279183e-09,7.047392803137627e-17,5.936073114078711e-11,10,0
0.0,0.0,0.0,0.0,0.0,0.0,0.0,0,0
0.0,0.0,0.0,0.0,0.0,0.0,0.0,0,0
-1.9266697771488906e-12,1.354065503980979e-09,-1.3690423965868741e-09,9.031068897630676e-11,2.723107900567853e-09,1.6318649597555952e-16,9.032898094619454e-11,26,0
1.5645241349633653e-12,1.595958188918282e-09,-1.9729466761578792e-09,1.337278056803364e-10,3.5689048650761614e-09,3.5769359183126397e-16,1.3373361429185707e-10,24,0
0.0,0.0,0.0,0.0,0.0,0.0,0.0,0,0
1.0871118248205558e-12,1.314048775930987e-09,-1.3602085694738e-09,6.616140686956614e-11,2.6742573454047873e-09,8.756589408983411e-17,6.616868371436526e-11,20,0
5.1074353602687203e-14,1.021487072053744e-09,0.0,7.223004355438272e-12,1.021487072053744e-09,1.0434358383729309e-18,7.223004355435939e-12,2,0
-2.4720210266863743e-13,2.721524824977294e-09,-2.571714623949681e-09,2.6268552307997475e-10,5.2932394489269756e-09,1.38000589920916e-15,2.626790721783104e-10,71,0
1.4906821158380505e-12,1.652386896021166e-09,-1.8336090930025501e-09,1.3924072197867137e-10,3.4859959890237162e-09,3.8778462782771345e-16,1.392452203538264e-10,68,0
-4.2580219316278206e-13,1.243857220986923e-09,-1.2487983186526351e-09,8.730992473601439e-11,2.492655539639558e-09,1.1184765315612652e-16,8.730798782293679e-11,114,0
-5.292572848676922e-12,3.5942890015512905e-09,-3.432568648744853e-09,6.675950656668516e-10,7.026857650296143e-09,8.913777977429345e-15,6.675993550562098e-10,3646,1
-2.2877545122799477e-12,1.491848593588809e-09,-1.47114162043521e-09,8.222491020276022e-11,2.9629902140240193e-09,1.3531663263527627e-16,8.225467544014634e-11,134,0
-1.0390259819338691e-13,1.022056846973471e-09,-1.051552138829136e-09,1.4575971838422585e-11,2.073608985802607e-09,4.249182556727222e-18,1.4575977766049216e-11,6,0
0.0,0.0,0.0,0.0,0.0,0.0,0.0,0,0
2.261713066366076e-12,2.263603420675956e-09,-1.7955817153794141e-09,1.175469499345442e-10,4.05918513605537e-09,2.7643419841248435e-16,1.1756576848991468e-10,36,0
-4.657373509063735e-13,1.600324759958126e-09,-1.524863760925331e-09,1.3263281015862914e-10,3.125188520883457e-09,3.518159933747505e-16,1.3263031202835015e-10,52,0
-2.3059114142305776e-11,1.5071327772735153e-08,-1.707914766576559e-08,1.4594585211738601e-09,3.215047543850075e-08,4.2608887936266305e-14,1.459604191831921e-09,317,0
-1.021375236811362e-11,2.178672047939403e-09,-3.424791434214151e-09,2.566451275551159e-10,5.603463482153555e-09,1.3193549779825134e-15,2.5684187528346243e-10,146,0
1.5534939061713526e-13,1.080797059832203e-09,-1.1006823845459791e-09,1.9562785428912603e-11,2.1814794443781824e-09,7.654151440834642e-18,1.9562913178811894e-11,6,0
0.0,0.0,0.0,0.0,0.0,0.0,0.0,0,0
-4.929662862062604e-13,1.2100589221080751e-08,-1.19514021136283e-08,7.042716410772183e-10,2.405199133470905e-08,9.919479750271169e-15,7.042542065998318e-10,174,0
8.331065524480058e-13,1.229859135081667e-09,-1.114545185112092e-09,3.419964079913137e-11,2.3444043201937593e-09,2.3405020330915706e-17,3.4208931824098e-11,8,0
-1.2370960947148426e-12,1.163108604971712e-09,-1.182470865800965e-09,5.44130967790006e-11,2.3455794707726773e-09,5.924334937147275e-17,5.4425797822114076e-11,8,0
-2.1247979500531396e-13,1.1389959153894941e-09,-1.165290263411336e-09,1.8867309799934614e-11,2.30428617880083e-09,7.120054559619025e-18,1.8868034555325343e-11,6,0
0.0,0.0,0.0,0.0,0.0,0.0,0.0,0,0
0.0,0.0,0.0,0.0,0.0,0.0,0.0,0,0
0.0,0.0,0.0,0.0,0.0,0.0,0.0,0,0
0.0,0.0,0.0,0.0,0.0,0.0,0.0,0,0
-5.910275726603463e-13,1.461149587168564e-09,-1.256385892331449e-09,4.794758616526544e-11,2.717535479500013e-09,4.5984107682307145e-17,4.795003007418616e-11,8,0
0.0,0.0,0.0,0.0,0.0,0.0,0.0,0,0
4.289746006443892e-12,1.485081413286936e-09,-1.34235820782761e-09,1.1313471086007264e-10,2.827439621114546e-09,2.5634449498111454e-16,1.1321318275296269e-10,32,0
0.0,0.0,0.0,0.0,0.0,0.0,0.0,0,0
0.0,0.0,0.0,0.0,0.0,0.0,0.0,0,0
0.0,0.0,0.0,0.0,0.0,0.0,0.0,0,0
0.0,0.0,0.0,0.0,0.0,0.0,0.0,0,0
0.0,0.0,0.0,0.0,0.0,0.0,0.0,0,0
0.0,0.0,0.0,0.0,0.0,0.0,0.0,0,0
0.0,0.0,0.0,0.0,0.0,0.0,0.0,0,0
8.141787276343517e-13,1.221340084690952e-09,-1.172311462112391e-09,4.934690368868322e-11,2.3936515468033427e-09,4.871316069634451e-17,4.9352386313300244e-11,12,0
0.0,0.0,0.0,0.0,0.0,0.0,0.0,0,0
0.0,0.0,0.0,0.0,0.0,0.0,0.0,0,0
-7.952281120464206e-13,5.786389129960741e-09,-6.07097399920028e-09,1.1450519828450958e-09,1.1857363129161021e-08,2.6221582372052993e-14,1.1450236323336954e-09,5559,1
-4.060938119981452e-13,1.823044146577982e-09,-1.604416456235944e-09,1.18344530195954e-10,3.427460602813926e-09,2.800978493622801e-16,1.1834226830728743e-10,242,0
-5.277002907413919e-12,8.085253870746848e-09,-7.080330758150531e-09,3.978398255820992e-10,1.5165584628897378e-08,3.1659291950516518e-15,3.978648762489378e-10,61,0
0.0,0.0,0.0,0.0,0.0,0.0,0.0,0,0
0.0,0.0,0.0,0.0,0.0,0.0,0.0,0,0
0.0,0.0,0.0,0.0,0.0,0.0,0.0,0,0
0.0,0.0,0.0,0.0,0.0,0.0,0.0,0,0
0.0,0.0,0.0,0.0,0.0,0.0,0.0,0,0
0.0,0.0,0.0,0.0,0.0,0.0,0.0,0,0
0.0,0.0,0.0,0.0,0.0,0.0,0.0,0,0
0.0,0.0,0.0,0.0,0.0,0.0,0.0,0,0
0.0,0.0,0.0,0.0,0.0,0.0,0.0,0,0
0.0,0.0,0.0,0.0,0.0,0.0,0.0,0,0
0.0,0.0,0.0,0.0,0.0,0.0,0.0,0,0
0.0,0.0,0.0,0.0,0.0,0.0,0.0,0,0
-4.484255679568966e-12,1.646905965894101e-09,-1.6478034407968891e-09,1.7045394253746878e-10,3.2947094066909903e-09,5.81464046964853e-16,1.7050865769292375e-10,54,0
0.0,0.0,0.0,0.0,0.0,0.0,0.0,0,0
-4.669825455792239e-13,1.384243818971809e-09,-1.320057184424452e-09,1.2834606004199601e-10,2.704301003396261e-09,3.2944211130870935e-16,1.2834370091841464e-10,30,0
0.0,0.0,0.0,0.0,0.0,0.0,0.0,0,0
0.0,0.0,0.0,0.0,0.0,0.0,0.0,0,0
2.287812002272876e-12,1.476055801847291e-09,-1.528439914594756e-09,9.455548618674422e-11,3.004495716442047e-09,1.789105402955874e-16,9.458079622618626e-11,12,0
0.0,0.0,0.0,0.0,0.0,0.0,0.0,0,0
0.0,0.0,0.0,0.0,0.0,0.0,0.0,0,0
3.861768295052052e-12,4.081026507107102e-09,-4.14834373208598e-09,7.559388030766477e-10,8.229370239193082e-09,1.142859630155095e-14,7.559297686144842e-10,3593,1
4.542338154273166e-13,1.356839650656004e-09,-1.2937423975018691e-09,5.531769528493784e-11,2.650582048157873e-09,6.120201475255364e-17,5.5318177280417346e-11,56,0
0.0,0.0,0.0,0.0,0.0,0.0,0.0,0,0
0.0,0.0,0.0,0.0,0.0,0.0,0.0,0,0
-1.0139467549349674e-13,0.0,-1.02511395476399e-09,1.013982902942304e-11,1.02511395476399e-09,2.0564254563903447e-18,1.014008248583399e-11,2,0
0.0,0.0,0.0,0.0,0.0,0.0,0.0,0,0
0.0,0.0,0.0,0.0,0.0,0.0,0.0,0,0
0.0,0.0,0.0,0.0,0.0,0.0,0.0,0,0
0.0,0.0,0.0,0.0,0.0,0.0,0.0,0,0
0.0,0.0,0.0,0.0,0.0,0.0,0.0,0,0
-4.123509295386529e-12,3.732456894920951e-09,-2.985436580902423e-09,1.7197305645359003e-10,6.7178934758233745e-09,5.91805134765704e-16,1.720181872311332e-10,34,0
1.7642073175200767e-13,1.376889118104224e-09,-1.3531179323820881e-09,7.772028936832158e-11,2.730007050486312e-09,1.208034496320025e-16,7.771854657416159e-11,10,0
4.2932567667157675e-13,1.729846891854925e-09,-1.723358494724306e-09,1.5138250062559995e-10,3.453205386579231e-09,4.583139996625962e-16,1.5137932482056396e-10,20,0
-5.090638123266855e-14,0.0,-1.018127624653371e-09,7.199249475058966e-12,1.018127624653371e-09,1.0365838600823153e-18,7.199249475057505e-12,2,0
0.0,0.0,0.0,0.0,0.0,0.0,0.0,0,0
-2.968242228631382e-12,1.546898171543908e-09,-1.416134193494585e-09,9.602053687616032e-11,2.9630323650384928e-09,1.8456585933480654e-16,9.606400453208437e-11,46,0
-5.760706884342598e-14,1.284645315768386e-09,-1.315660590571886e-09,4.261630136860181e-11,2.600305906340272e-09,3.632123306917242e-17,4.2615274884231605e-11,30,0
-4.905672463937791e-13,2.535915387677824e-09,-2.080520889118464e-09,1.5917579748246308e-10,4.616436276796288e-09,5.067181662735542e-16,1.5917257399966148e-10,42,0
3.162901490119167e-13,1.136537780886803e-09,-1.090007847192374e-09,3.3780171108121043e-11,2.226545628079177e-09,2.2822858891094478e-17,3.37808073401854e-11,14,0
-4.562149460911821e-12,1.889660860659796e-09,-1.824744656000152e-09,1.3217157112826172e-10,3.714405516659948e-09,2.924176283751106e-16,1.3224633305376336e-10,14,0
0.0,0.0,0.0,0.0,0.0,0.0,0.0,0,0
0.0,0.0,0.0,0.0,0.0,0.0,0.0,0,0
0.0,0.0,0.0,0.0,0.0,0.0,0.0,0,0
1.0450306563602202e-12,1.198421968398842e-09,-1.087666321510042e-09,4.250731681942375e-11,2.286088289908884e-09,3.6157474573214464e-17,4.25190983989633e-11,14,0
2.126171726757438e-13,1.515496901531831e-09,-1.496061151245595e-09,9.294375228496832e-11,3.011558052777426e-09,1.7276308735627756e-16,9.294167185828905e-11,22,0
0.0,0.0,0.0,0.0,0.0,0.0,0.0,0,0
3.181529558666379e-13,1.111834168049714e-09,-1.073924570892522e-09,2.3556488120103002e-11,2.185758738942236e-09,1.1099632168984793e-17,2.355804763661963e-11,8,0
-1.11265334247083e-12,2.626766705649246e-09,-2.594095219237948e-09,2.3786564246701855e-10,5.220861924887194e-09,1.1315694572101958e-15,2.378622981065091e-10,22,0
0.0,0.0,0.0,0.0,0.0,0.0,0.0,0,0
0.0,0.0,0.0,0.0,0.0,0.0,0.0,0,0
0.0,0.0,0.0,0.0,0.0,0.0,0.0,0,0
0.0,0.0,0.0,0.0,0.0,0.0,0.0,0,0
0.0,0.0,0.0,0.0,0.0,0.0,0.0,0,0
0.0,0.0,0.0,0.0,0.0,0.0,0.0,0,0
1.0985491595533746e-12,1.169121359017124e-09,0.0,3.4747000033278274e-11,1.169121359017124e-09,2.4170009077359075e-17,3.4763493119477417e-11,6,0
0.0,0.0,0.0,0.0,0.0,0.0,0.0,0,0
0.0,0.0,0.0,0.0,0.0,0.0,0.0,0,0
2.7000829255139684e-14,1.300348737202237e-09,-1.184846549160679e-09,4.662657135685901e-11,2.485195286362916e-09,4.347858367369438e-17,4.6625413496125897e-11,6,0
3.1007150741602535e-13,1.241875236150035e-09,-1.167125194751733e-09,4.439719920458303e-11,2.4090004309017682e-09,3.942217771972781e-17,4.4397172049426645e-11,18,0
0.0,0.0,0.0,0.0,0.0,0.0,0.0,0,0
0.0,0.0,0.0,0.0,0.0,0.0,0.0,0,0
5.282611192549904e-13,1.238279610202931e-09,-1.111135772654254e-09,3.846086156871342e-11,2.349415382857185e-09,2.958885941048253e-17,3.8463527796135997e-11,14,0
0.0,0.0,0.0,0.0,0.0,0.0,0.0,0,0
0.0,0.0,0.0,0.0,0.0,0.0,0.0,0,0
0.0,0.0,0.0,0.0,0.0,0.0,0.0,0,0
-2.798255252215858e-12,6.845069360715871e-09,-5.9402417558143384e-09,1.0102624053570048e-09,1.2785311116530209e-08,2.0411738528066545e-14,1.0102410239162372e-09,3813,1
-2.6334003839822948e-12,2.150461180771722e-09,-2.137411295123118e-09,1.8768041086309696e-10,4.28787247589484e-09,7.045822044491056e-16,1.8769419336371404e-10,22,0
7.013657395411e-13,1.332789055238157e-09,-1.350771463765029e-09,5.792469369456277e-11,2.6835605190031858e-09,6.711188580002965e-17,5.7927491659845606e-11,72,0
0.0,0.0,0.0,0.0,0.0,0.0,0.0,0,0
0.0,0.0,0.0,0.0,0.0,0.0,0.0,0,0
0.0,0.0,0.0,0.0,0.0,0.0,0.0,0,0
0.0,0.0,0.0,0.0,0.0,0.0,0.0,0,0
-3.22269723551365e-13,1.314230650910975e-09,-1.028495295958674e-09,4.766155882646746e-11,2.342725946869649e-09,4.5432289326701344e-17,4.766145682136738e-11,8,0
-1.6523836139015644e-12,1.771283151899453e-09,-1.910747219218507e-09,1.1639575655340117e-10,3.68203037111796e-09,2.71000502332917e-16,1.1640457515340989e-10,64,0
-1.484765099308765e-12,1.5274776170688902e-09,-1.380623482836513e-09,8.782875454962428e-11,2.908101099905403e-09,1.543141791728194e-16,8.783910836660952e-11,14,0
1.2553019969228286e-12,1.329991280867632e-09,-1.204266274577267e-09,4.7595023344129273e-11,2.534257555444899e-09,4.533497531837428e-17,4.7610385063751734e-11,16,0
0.0,0.0,0.0,0.0,0.0,0.0,0.0,0,0
-2.029166330389977e-14,1.273367313963004e-09,-1.315280445803673e-09,4.319960670271755e-11,2.5886477597666773e-09,3.7322262414370666e-17,4.319853146483724e-11,10,0
0.0,0.0,0.0,0.0,0.0,0.0,0.0,0,0
0.0,0.0,0.0,0.0,0.0,0.0,0.0,0,0
0.0,0.0,0.0,0.0,0.0,0.0,0.0,0,0
0.0,0.0,0.0,0.0,0.0,0.0,0.0,0,0
5.192283626490119e-13,1.318786881817808e-09,-1.270740390304054e-09,5.573932077549201e-11,2.589527272121862e-09,6.213972270023026e-17,5.574034566641575e-11,12,0
-2.1653817809215879e-13,1.7704434429717e-09,-2.116771574962819e-09,1.7739258028296557e-10,3.887215017934519e-09,6.293320204367444e-16,1.7738827757728868e-10,18,0
0.0,0.0,0.0,0.0,0.0,0.0,0.0,0,0
0.0,0.0,0.0,0.0,0.0,0.0,0.0,0,0
0.0,0.0,0.0,0.0,0.0,0.0,0.0,0,0
0.0,0.0,0.0,0.0,0.0,0.0,0.0,0,0
-9.780621659981417e-12,1.3094806669156282e-08,-1.3382889696735192e-08,1.000007306865435e-09,2.6477696365891475e-08,1.4048549119376137e-14,1.0000195442059417e-09,125,0
2.47061191657061e-12,5.189611219554626e-09,-4.8540657640577065e-09,7.766454488889739e-10,1.0043676983612333e-08,1.2063081965910236e-14,7.766299622700066e-10,2812,1
0.0,0.0,0.0,0.0,0.0,0.0,0.0,0,0
-1.4348567263734382e-12,1.3651766804756402e-09,-1.422710487336946e-09,8.126941336614651e-11,2.787887167812586e-09,1.3212892253632927e-16,8.128004753207556e-11,14,0
-3.3205998497779466e-12,1.7547096616165921e-09,-1.76724664605064e-09,2.2534961283119105e-10,3.5219563076672324e-09,1.0158187052824475e-15,2.2536844336357825e-10,42,0
0.0,0.0,0.0,0.0,0.0,0.0,0.0,0,0
-2.728318841637973e-12,1.496678177204848e-09,-1.488427749343229e-09,1.1833927404512387e-10,2.985105926548077e-09,2.802185459208785e-16,1.183677629088424e-10,32,0
-1.7145583710268803e-13,1.284713026058856e-09,-1.264694460274399e-09,4.8146143884156645e-11,2.549407486333255e-09,4.6359293309178857e-17,4.814524551250043e-11,10,0
3.7409164726378036e-13,1.088371298109883e-09,-1.078470132828571e-09,3.0710704666979964e-11,2.166841430938454e-09,1.8864803366698813e-17,3.071221529513852e-11,8,0
-4.0656214851314135e-13,1.305397330416392e-09,-1.204973526924612e-09,6.539435063864336e-11,2.510370857341004e-09,8.552745134341233e-17,6.539397959423035e-11,16,0
1.130039920958473e-12,1.315931365591801e-09,-1.424056160948242e-09,7.960881456443915e-11,2.739987526540043e-09,1.1639378772071003e-16,7.961466711463412e-11,12,0
-2.4297188969910545e-13,1.145000059588663e-09,-1.14072013886556e-09,3.274642975128882e-11,2.285720198454223e-09,2.144668160724114e-17,3.2746512491593005e-11,16,0
1.590274855519003e-12,1.264317458456413e-09,-1.130858392249123e-09,7.68185529165512e-11,2.395175850705536e-09,1.1806647983610486e-16,7.683309177564862e-11,52,0
2.536680083474319e-12,1.279455181789949e-09,-1.2165898219036671e-09,8.247470043952054e-11,2.496045003693616e-09,1.3616341709243472e-16,8.251164072191109e-11,46,0
-9.375282436792083e-13,1.260426285309158e-09,-1.2325125620404171e-09,4.9958653050830455e-11,2.492938847349575e-09,4.9932423610238586e-17,4.996620038097683e-11,10,0
-5.4448254509732587e-14,1.545427866358555e-09,-1.55043697039584e-09,8.448336189380037e-11,3.095864836754395e-09,1.4274169059138971e-16,8.448126732932861e-11,26,0
-4.6862043645296585e-12,1.955440865793948e-09,-1.996372598995022e-09,1.594003176828264e-10,3.95181346478897e-09,5.085830273135666e-16,1.5946520424744182e-10,40,0
0.0,0.0,0.0,0.0,0.0,0.0,0.0,0,0
0.0,0.0,0.0,0.0,0.0,0.0,0.0,0,0
0.0,0.0,0.0,0.0,0.0,0.0,0.0,0,0
0.0,0.0,0.0,0.0,0.0,0.0,0.0,0,0
0.0,0.0,0.0,0.0,0.0,0.0,0.0,0,0
0.0,0.0,0.0,0.0,0.0,0.0,0.0,0,0
0.0,0.0,0.0,0.0,0.0,0.0,0.0,0,0
0.0,0.0,0.0,0.0,0.0,0.0,0.0,0,0
0.0,0.0,0.0,0.0,0.0,0.0,0.0,0,0
0.0,0.0,0.0,0.0,0.0,0.0,0.0,0,0
-5.74595380915577e-14,5.8295458480345245e-09,-5.821148654359698e-09,1.2910238782828134e-09,1.1650694502394223e-08,3.3333186409313345e-14,1.2909916035612576e-09,6109,1
-2.6940231306622452e-12,2.111407512072427e-09,-2.254359620270699e-09,3.404773963464338e-10,4.365767132343126e-09,2.318526378813349e-15,3.4047954261697934e-10,658,0
4.936832154725856e-13,1.169255772785926e-09,-1.2142309109060841e-09,6.358288012357862e-11,2.3834866836920103e-09,8.085648457592324e-17,6.358320712889655e-11,20,0
0.0,0.0,0.0,0.0,0.0,0.0,0.0,0,0
3.0798460381265815e-13,1.068636831106271e-09,-1.02364563394742e-09,2.05195703805491e-11,2.092282465053691e-09,8.42253140959571e-18,2.0521368630765967e-11,6,0
7.549606590044491e-13,1.142334320524486e-09,-1.08166882312645e-09,3.3838370778215914e-11,2.2240031436509363e-09,2.291096101507902e-17,3.3845945854030304e-11,6,0
0.0,0.0,0.0,0.0,0.0,0.0,0.0,0,0
0.0,0.0,0.0,0.0,0.0,0.0,0.0,0,0
0.0,0.0,0.0,0.0,0.0,0.0,0.0,0,0
0.0,0.0,0.0,0.0,0.0,0.0,0.0,0,0
0.0,0.0,0.0,0.0,0.0,0.0,0.0,0,0
0.0,0.0,0.0,0.0,0.0,0.0,0.0,0,0
0.0,0.0,0.0,0.0,0.0,0.0,0.0,0,0
0.0,0.0,0.0,0.0,0.0,0.0,0.0,0,0
-9.893508696819267e-14,1.218810088931501e-09,-1.1778814066862102e-09,1.9816731142990178e-11,2.3966914956177113e-09,7.853859724071013e-18,1.9816482690012138e-11,8,0
0.0,0.0,0.0,0.0,0.0,0.0,0.0,0,0
-3.536639256660604e-12,1.624954877828708e-09,-1.818932322539539e-09,1.5597086692024262e-10,3.4438872003682473e-09,4.867640559904173e-16,1.5600706009511514e-10,20,0
0.0,0.0,0.0,0.0,0.0,0.0,0.0,0,0
0.0,0.0,0.0,0.0,0.0,0.0,0.0,0,0
0.0,0.0,0.0,0.0,0.0,0.0,0.0,0,0
0.0,0.0,0.0,0.0,0.0,0.0,0.0,0,0
-3.785508007708376e-12,1.759736997882828e-09,-1.55145091915957e-09,1.1199547082644777e-10,3.311187917042398e-09,2.511337681448223e-16,1.1205663035823055e-10,18,0
0.0,0.0,0.0,0.0,0.0,0.0,0.0,0,0
0.0,0.0,0.0,0.0,0.0,0.0,0.0,0,0
-4.0236532857826717e-13,1.179598915973543e-09,-1.3584959856169541e-09,4.217937812832136e-11,2.538094901590497e-09,3.558345764306081e-17,4.218024279390815e-11,48,0
0.0,0.0,0.0,0.0,0.0,0.0,0.0,0,0
-2.4698342733764814e-13,1.534826280051357e-09,-1.471281194366972e-09,9.413623682023348e-11,3.006107474418329e-09,1.7722498003867015e-16,9.413420739525832e-11,16,0
0.0,0.0,0.0,0.0,0.0,0.0,0.0,0,0
9.578848456536893e-12,4.8265496637431126e-08,-4.770765290891665e-08,2.1983393725403415e-09,9.597314954634778e-08,9.665092232790539e-14,2.1983052828020202e-09,66,0
0.0,0.0,0.0,0.0,0.0,0.0,0.0,0,0
0.0,0.0,0.0,0.0,0.0,0.0,0.0,0,0
3.1686869918363806e-13,1.200696919996282e-09,-1.208879308230585e-09,3.499076997741507e-11,2.409576228226867e-09,2.1246732665016066e-17,3.4991196516152436e-11,14,0
-4.578744462321984e-13,4.208691978324643e-09,-4.178118620576318e-09,6.061364142822355e-10,8.386810598900962e-09,7.347663846002287e-15,6.061214336254034e-10,2145,1
0.0,0.0,0.0,0.0,0.0,0.0,0.0,0,0
0.0,0.0,0.0,0.0,0.0,0.0,0.0,0,0
0.0,0.0,0.0,0.0,0.0,0.0,0.0,0,0
0.0,0.0,0.0,0.0,0.0,0.0,0.0,0,0
1.586628967493104e-12,1.93501507235365e-09,-1.949265976822616e-09,1.8132476401346173e-10,3.884281049176267e-09,6.575908700498168e-16,1.8132717254314326e-10,24,0
0.0,0.0,0.0,0.0,0.0,0.0,0.0,0,0
2.361606138158861e-13,1.379327040725807e-09,-1.250635613118937e-09,6.136714737157072e-11,2.629962653844744e-09,7.53158850403944e-17,6.136606759455685e-11,10,0
6.461439742102186e-13,1.397766169442686e-09,-1.489498697928103e-09,7.524499885734163e-11,2.8872648673707893e-09,1.1323888529152068e-16,7.524589201129875e-11,14,0
0.0,0.0,0.0,0.0,0.0,0.0,0.0,0,0
0.0,0.0,0.0,0.0,0.0,0.0,0.0,0,0
0.0,0.0,0.0,0.0,0.0,0.0,0.0,0,0
0.0,0.0,0.0,0.0,0.0,0.0,0.0,0,0
0.0,0.0,0.0,0.0,0.0,0.0,0.0,0,0
0.0,0.0,0.0,0.0,0.0,0.0,0.0,0,0
-3.281315903097787e-13,1.559345923030892e-09,-1.5222941861712e-09,9.264890156059018e-11,3.0816401092020916e-09,1.7166994879551781e-16,9.264716638827057e-11,18,0
0.0,0.0,0.0,0.0,0.0,0.0,0.0,0,0
0.0,0.0,0.0,0.0,0.0,0.0,0.0,0,0
0.0,0.0,0.0,0.0,0.0,0.0,0.0,0,0
0.0,0.0,0.0,0.0,0.0,0.0,0.0,0,0
0.0,0.0,0.0,0.0,0.0,0.0,0.0,0,0
0.0,0.0,0.0,0.0,0.0,0.0,0.0,0,0
0.0,0.0,0.0,0.0,0.0,0.0,0.0,0,0
-2.1106213192901763e-12,1.868795834965135e-09,-1.8167844936437601e-09,1.6645715435906875e-10,3.6855803286088952e-09,5.542210712091983e-16,1.6646637366285096e-10,24,0
0.0,0.0,0.0,0.0,0.0,0.0,0.0,0,0
0.0,0.0,0.0,0.0,0.0,0.0,0.0,0,0
0.0,0.0,0.0,0.0,0.0,0.0,0.0,0,0
0.0,0.0,0.0,0.0,0.0,0.0,0.0,0,0
1.0474764631279693e-12,1.080577098671522e-09,-1.255699483518941e-09,4.9241333023253375e-11,2.336276582190463e-09,4.851369698804969e-17,4.925124211025022e-11,12,0
-1.2828880549498561e-11,8.23152669243399e-09,-8.787718379681328e-09,6.405787591899866e-10,1.7019245072115317e-08,8.209704196877824e-15,6.406911969458385e-10,94,0
4.241186272881603e-12,2.018617305240365e-09,-1.663463719261725e-09,1.1524954616287766e-10,3.6820810245020903e-09,2.6599562857713176e-16,1.1532467831672712e-10,14,0
8.3858695834626e-12,2.558865035723107e-09,-1.920896683751786e-09,1.6773793900352155e-10,4.479761719474893e-09,5.640986437802205e-16,1.6794324097447633e-10,17,0
-3.2125854775460263e-12,2.638121101030542e-09,-2.715417596352636e-09,2.6795224717215893e-10,5.353538697383178e-09,1.2672086239843053e-15,2.679639138216651e-10,39,0
-9.715979540869775e-13,3.831602151966693e-09,-3.893862587362487e-09,6.149028584277647e-10,7.72546473932918e-09,7.561751280577576e-15,6.148882532858136e-10,3180,1
5.224962691572895e-14,1.101545050167954e-09,-1.06884828665849e-09,2.200737307078156e-11,2.1703933368264442e-09,9.686059665519267e-18,2.2006884906227945e-11,14,0
0.0,0.0,0.0,0.0,0.0,0.0,0.0,0,0
0.0,0.0,0.0,0.0,0.0,0.0,0.0,0,0
0.0,0.0,0.0,0.0,0.0,0.0,0.0,0,0
7.898882607970282e-13,1.524313103529112e-09,-1.647643171895245e-09,1.7259814080591356e-10,3.171956275424357e-09,5.957850525440464e-16,1.725956332796468e-10,52,0
0.0,0.0,0.0,0.0,0.0,0.0,0.0,0,0
-3.862756552759682e-12,1.529856131278929e-09,-1.5213507040339691e-09,1.2107219249070688e-10,3.051206835312898e-09,2.934532751779665e-16,1.2113077131306613e-10,14,0
0.0,0.0,0.0,0.0,0.0,0.0,0.0,0,0
3.3662901443511455e-12,1.681792493201678e-09,-1.814026017726746e-09,1.3973674720721142e-10,3.495818510928424e-09,3.907342822292026e-16,1.3977379622611718e-10,22,0
0.0,0.0,0.0,0.0,0.0,0.0,0.0,0,0
0.0,0.0,0.0,0.0,0.0,0.0,0.0,0,0
-2.524212998418817e-11,4.9986156231043735e-09,-4.819606028090266e-09,8.719532216455608e-10,9.818221651194638e-09,1.5218031414858257e-14,8.722967217311508e-10,4115,1
-1.0762248464606444e-13,1.185098193239051e-09,-1.309264325992032e-09,4.324365806309791e-11,2.494362519231083e-09,3.739864089160439e-17,4.324271088380353e-11,46,0
0.0,0.0,0.0,0.0,0.0,0.0,0.0,0,0
0.0,0.0,0.0,0.0,0.0,0.0,0.0,0,0
0.0,0.0,0.0,0.0,0.0,0.0,0.0,0,0
0.0,0.0,0.0,0.0,0.0,0.0,0.0,0,0
0.0,0.0,0.0,0.0,0.0,0.0,0.0,0,0
0.0,0.0,0.0,0.0,0.0,0.0,0.0,0,0
0.0,0.0,0.0,0.0,0.0,0.0,0.0,0,0
0.0,0.0,0.0,0.0,0.0,0.0,0.0,0,0
-3.676979897769254e-12,1.1787556088317981e-09,-1.160237916425444e-09,8.580258693484803e-11,2.338993525257242e-09,1.4750472003363867e-16,8.587919423051159e-11,12,0
0.0,0.0,0.0,0.0,0.0,0.0,0.0,0,0
0.0,0.0,0.0,0.0,0.0,0.0,0.0,0,0
-5.810928206661993e-13,1.3460656247105291e-09,-1.260206998439889e-09,7.874343167153059e-11,2.6062726231504183e-09,1.2401111347739103e-16,7.874360719366082e-11,18,0
-1.3289515537296214e-13,1.143527364436094e-09,-1.175255273346375e-09,4.063010798890042e-11,2.318782637782469e-09,3.30148159205617e-17,4.0629309568685574e-11,12,0
0.0,0.0,0.0,0.0,0.0,0.0,0.0,0,0
0.0,0.0,0.0,0.0,0.0,0.0,0.0,0,0
0.0,0.0,0.0,0.0,0.0,0.0,0.0,0,0
8.183931490764544e-13,2.450541758846632e-09,-2.349620335571609e-09,1.6551453107419434e-10,4.800162094418241e-09,5.478872002211036e-16,1.6551241648606059e-10,20,0
0.0,0.0,0.0,0.0,0.0,0.0,0.0,0,0
0.0,0.0,0.0,0.0,0.0,0.0,0.0,0,0
0.0,0.0,0.0,0.0,0.0,0.0,0.0,0,0
0.0,0.0,0.0,0.0,0.0,0.0,0.0,0,0
-5.1043492405175406e-14,0.0,-1.020869848103508e-09,7.218639923028067e-12,1.020869848103508e-09,1.0421752467668797e-18,7.218639923028713e-12,2,0
0.0,0.0,0.0,0.0,0.0,0.0,0.0,0,0
5.1981696837200825e-14,1.0431866829940471e-09,-1.028278810073561e-09,1.2640737753422672e-11,2.071465493067608e-09,3.1956592727016867e-18,1.264052861375205e-11,6,0
0.0,0.0,0.0,0.0,0.0,0.0,0.0,0,0
0.0,0.0,0.0,0.0,0.0,0.0,0.0,0,0
0.0,0.0,0.0,0.0,0.0,0.0,0.0,0,0
0.0,0.0,0.0,0.0,0.0,0.0,0.0,0,0
0.0,0.0,0.0,0.0,0.0,0.0,0.0,0,0
0.0,0.0,0.0,0.0,0.0,0.0,0.0,0,0
0.0,0.0,0.0,0.0,0.0,0.0,0.0,0,0
-2.6093557087842237e-13,0.0,-1.087178614177462e-09,1.6506558192943384e-11,1.087178614177462e-09,5.45041854852211e-18,1.6508207880509184e-11,4,0
0.0,0.0,0.0,0.0,0.0,0.0,0.0,0,0
0.0,0.0,0.0,0.0,0.0,0.0,0.0,0,0
0.0,0.0,0.0,0.0,0.0,0.0,0.0,0,0
4.056497215181194e-12,1.551961850631257e-09,-1.518998889451065e-09,1.2590626660485926e-10,3.0709607400823217e-09,3.173610104127033e-16,1.2596845049707948e-10,18,0
9.997199650322625e-13,1.304610293418963e-09,-1.391300975021515e-09,7.589437863216417e-11,2.695911268440478e-09,1.1521336300274612e-16,7.58990655419242e-11,14,0
0.0,0.0,0.0,0.0,0.0,0.0,0.0,0,0
0.0,0.0,0.0,0.0,0.0,0.0,0.0,0,0
0.0,0.0,0.0,0.0,0.0,0.0,0.0,0,0
-5.474126407661177e-13,1.719467437683101e-09,-1.553127550072064e-09,1.5668740614504342e-10,3.272594987755165e-09,4.910003071575796e-16,1.566844451688775e-10,34,0
0.0,0.0,0.0,0.0,0.0,0.0,0.0,0,0
-2.0303701222296332e-12,3.812216005822667e-09,-4.081027803463454e-09,7.537568071707934e-10,7.893243809286121e-09,1.1362500785862173e-14,7.537406976494692e-10,3715,1
-1.0817392889376195e-12,1.4850896730402701e-09,-1.503488219736385e-09,6.934840941704269e-11,2.988577892776655e-09,9.620263176930738e-17,6.935511220137539e-11,82,0
0.0,0.0,0.0,0.0,0.0,0.0,0.0,0,0
0.0,0.0,0.0,0.0,0.0,0.0,0.0,0,0
6.152634659455306e-14,1.928275094750376e-09,-2.017574719273058e-09,1.8837620456547972e-10,3.945849814023434e-09,7.096764790455785e-16,1.8837150514947562e-10,24,0
0.0,0.0,0.0,0.0,0.0,0.0,0.0,0,0
0.0,0.0,0.0,0.0,0.0,0.0,0.0,0,0
0.0,0.0,0.0,0.0,0.0,0.0,0.0,0,0
-3.1891848955957503e-12,1.869226613489624e-09,-1.8270743730047621e-09,1.5621585631078178e-10,3.696300986494386e-09,4.882468898703675e-16,1.5624450228253915e-10,22,0
0.0,0.0,0.0,0.0,0.0,0.0,0.0,0,0
0.0,0.0,0.0,0.0,0.0,0.0,0.0,0,0
